City_ID,City,Country,Lat,Lng,Max Temp,Humidity,Cloudiness,Wind Speed,Current Description
0,Pangnirtung,CA,66.1451,-65.7125,-15.21,100,100,5.73,overcast clouds
1,Pakxan,LA,18.3778,103.6601,68.72,89,88,3.44,overcast clouds
2,Ponta Do Sol,PT,32.6667,-17.1,64.06,58,30,5.12,scattered clouds
3,New Norfolk,AU,-42.7826,147.0587,65.7,56,99,4.72,overcast clouds
4,Kyren,RU,51.6828,102.1408,-14.55,89,88,1.36,overcast clouds
5,Klaipeda,LT,55.7172,21.1175,37.45,76,85,21.21,overcast clouds
6,Rikitea,PF,-23.1203,-134.9692,79.32,69,1,18.16,light rain
7,Cidreira,BR,-30.1811,-50.2056,75.29,79,13,20.38,few clouds
8,The Pas,CA,53.8251,-101.2541,-2.18,60,0,5.75,clear sky
9,Puerto Quijarro,BO,-17.7833,-57.7667,85.21,67,75,2.24,broken clouds
10,Saint-Joseph,RE,-21.3667,55.6167,77.36,79,18,9.62,few clouds
11,Pasighat,IN,28.0667,95.3333,52.0,73,0,4.03,clear sky
12,Yumen,CN,40.2833,97.2,22.69,54,100,8.23,overcast clouds
13,Ushuaia,AR,-54.8,-68.3,47.86,53,20,33.38,few clouds
14,Meiringen,CH,46.7268,8.184,34.25,81,40,0.0,scattered clouds
15,Mataura,NZ,-46.1927,168.8643,50.49,84,98,4.65,overcast clouds
16,Cape Town,ZA,-33.9258,18.4232,70.09,79,20,16.11,few clouds
17,Lavrentiya,RU,65.5833,-171.0,-14.03,92,12,7.45,few clouds
18,Te Anau,NZ,-45.4167,167.7167,48.02,85,96,4.63,overcast clouds
19,Sitka,US,57.0531,-135.33,42.69,81,75,5.75,broken clouds
20,Kruisfontein,ZA,-34.0033,24.7314,71.47,92,96,9.91,light rain
21,Bambous Virieux,MU,-20.3428,57.7575,80.85,83,75,5.75,light intensity shower rain
22,Longyearbyen,SJ,78.2186,15.6401,8.44,78,0,9.22,clear sky
23,Hilo,US,19.7297,-155.09,80.33,65,0,8.01,clear sky
24,Tasiilaq,GL,65.6145,-37.6368,10.56,65,100,4.5,overcast clouds
25,Qaanaaq,GL,77.484,-69.3632,-19.93,47,0,8.59,clear sky
26,Butaritari,KI,3.0707,172.7902,82.89,68,98,15.14,overcast clouds
27,Castro,BR,-24.7911,-50.0119,69.19,68,45,2.24,scattered clouds
28,Codrington,AU,-38.2667,141.9667,78.71,36,85,17.29,overcast clouds
29,Khabary,RU,53.6259,79.5345,6.46,95,57,10.49,broken clouds
30,Gra Liyia,GR,35.0167,25.6833,55.13,74,74,1.01,broken clouds
31,Upernavik,GL,72.7868,-56.1549,0.97,97,100,4.99,light snow
32,Gizo,SB,-8.103,156.8419,81.66,72,77,2.8,light rain
33,Punta Arenas,CL,-53.15,-70.9167,57.31,47,75,21.85,broken clouds
34,Rocha,UY,-34.4833,-54.3333,65.43,92,100,15.99,overcast clouds
35,Barrow,US,71.2906,-156.7887,-25.58,62,75,8.05,broken clouds
36,Revelstoke,CA,50.9832,-118.2023,32.02,69,0,3.44,clear sky
37,Alofi,NU,-19.0595,-169.9187,85.89,70,45,14.97,scattered clouds
38,Cherskiy,RU,68.75,161.3,-20.0,98,100,9.98,overcast clouds
39,Albany,US,42.6001,-73.9662,39.22,64,50,1.01,scattered clouds
40,Hobart,AU,-42.8794,147.3294,66.06,63,75,11.5,broken clouds
41,San Patricio,US,28.017,-97.5169,62.69,61,100,25.68,overcast clouds
42,Pisco,PE,-13.7,-76.2167,73.45,68,0,24.16,clear sky
43,East London,ZA,-33.0153,27.9116,75.79,91,1,8.41,clear sky
44,Sheridan,US,44.8333,-106.9173,44.31,34,100,12.66,overcast clouds
45,Jalu,LY,29.0331,21.5482,55.0,44,0,5.03,clear sky
46,Saldanha,ZA,-33.0117,17.9442,68.05,88,96,13.96,overcast clouds
47,Port Alfred,ZA,-33.5906,26.891,75.06,93,12,5.21,few clouds
48,Vaini,TO,-21.2,-175.2,84.36,84,40,9.22,scattered clouds
49,Denpasar,ID,-8.65,115.2167,80.26,83,20,6.91,few clouds
50,Kaitangata,NZ,-46.2817,169.8464,54.93,85,100,10.67,overcast clouds
51,Lebu,CL,-37.6167,-73.65,64.9,69,23,11.3,few clouds
52,Hermanus,ZA,-34.4187,19.2345,67.89,81,100,3.65,overcast clouds
53,Pecos,US,31.4229,-103.4932,50.83,29,0,0.0,clear sky
54,Aklavik,CA,68.2191,-135.0107,-17.68,75,75,5.75,broken clouds
55,Jamestown,US,42.097,-79.2353,27.09,63,100,9.22,overcast clouds
56,Tuktoyaktuk,CA,69.4541,-133.0374,-25.6,62,20,6.91,few clouds
57,Passa Quatro,BR,-22.3903,-44.9667,72.34,97,22,2.84,few clouds
58,Kilindoni,TZ,-7.9139,39.6668,79.09,81,100,6.73,light rain
59,Kasongo,CD,-4.45,26.6667,68.63,92,97,2.01,overcast clouds
60,Anadyr,RU,64.75,177.4833,-23.3,76,0,15.66,clear sky
61,Ancud,CL,-41.8697,-73.8203,77.23,69,67,3.33,broken clouds
62,Tautira,PF,-17.7333,-149.15,87.82,72,93,14.18,light rain
63,Inzer,RU,54.2167,57.5556,16.3,97,99,2.68,overcast clouds
64,Starogard Gdanski,PL,53.964,18.5264,30.88,100,52,13.38,broken clouds
65,Solnechnyy,RU,50.7214,136.6319,10.2,94,100,7.0,overcast clouds
66,Yeppoon,AU,-23.1333,150.7333,76.78,68,65,17.43,broken clouds
67,Hithadhoo,MV,-0.6,73.0833,80.98,71,100,11.68,overcast clouds
68,Kavaratti,IN,10.5669,72.642,80.4,70,13,7.47,few clouds
69,Tiarei,PF,-17.5333,-149.3333,87.82,73,91,13.73,light rain
70,Sherbakul,RU,54.6316,72.3963,2.88,97,100,3.56,overcast clouds
71,Grimmen,DE,54.1121,13.0405,35.02,69,77,13.67,broken clouds
72,Bredasdorp,ZA,-34.5322,20.0403,69.12,78,100,0.0,overcast clouds
73,Barcelos,PT,41.5388,-8.6151,50.85,92,29,1.03,scattered clouds
74,Domoni,KM,-12.2569,44.5319,78.73,85,100,5.93,overcast clouds
75,Belyy Yar,RU,53.6039,91.3903,-29.15,54,90,0.0,smoke
76,Puerto Ayora,EC,-0.7393,-90.3518,85.96,85,92,5.01,overcast clouds
77,Mincivan,AZ,39.0294,46.7185,44.76,54,1,6.4,clear sky
78,Faanui,PF,-16.4833,-151.75,81.12,74,97,13.8,light rain
79,Hamilton,US,39.1834,-84.5333,30.83,76,100,9.22,overcast clouds
80,Baoying,CN,33.2292,119.3092,39.33,79,93,3.51,light rain
81,Olafsvik,IS,64.8945,-23.7142,26.53,71,31,18.25,scattered clouds
82,Chiredzi,ZW,-21.05,31.6667,71.13,51,8,3.53,clear sky
83,Almaznyy,RU,48.0448,40.045,32.14,91,99,16.75,overcast clouds
84,Bluff,NZ,-46.6,168.3333,50.81,73,100,13.76,overcast clouds
85,Busselton,AU,-33.65,115.3333,55.09,79,0,11.54,clear sky
86,Khani,GE,41.9563,42.9566,27.97,81,4,5.75,clear sky
87,Adrar,MR,20.5022,-10.0711,64.83,22,73,9.15,broken clouds
88,Mandalgovi,MN,45.7625,106.2708,-8.9,83,12,6.6,few clouds
89,Avarua,CK,-21.2078,-159.775,77.05,88,100,5.75,moderate rain
90,Ribeira Grande,PT,38.5167,-28.7,61.3,88,100,15.64,overcast clouds
91,Verkhoyansk,RU,67.5447,133.385,-29.0,97,88,2.15,overcast clouds
92,Georgetown,MY,5.4112,100.3354,79.9,83,20,5.75,few clouds
93,Hambantota,LK,6.1241,81.1185,76.42,84,77,8.99,broken clouds
94,Norman Wells,CA,65.282,-126.8329,-12.96,70,75,3.44,broken clouds
95,Mikuni,JP,36.2171,136.1519,31.91,80,100,12.39,light snow
96,Walvis Bay,NA,-22.9575,14.5053,71.1,83,92,1.14,light rain
97,Bull Savanna,JM,17.8868,-77.5902,76.55,77,29,14.63,scattered clouds
98,Kapaa,US,22.0752,-159.319,78.78,74,75,6.91,broken clouds
99,Khatanga,RU,71.9667,102.5,-18.62,87,60,3.13,broken clouds
100,Shimoda,JP,34.6667,138.95,44.1,77,97,3.42,overcast clouds
101,Narsaq,GL,60.9167,-46.05,30.42,98,100,4.92,snow
102,Isangel,VU,-19.55,169.2667,86.11,89,75,0.0,broken clouds
103,Ostrovnoy,RU,68.0531,39.5131,5.54,96,67,2.26,broken clouds
104,Jimani,DO,18.4917,-71.8502,89.49,47,3,11.74,clear sky
105,Payson,US,40.0444,-111.7321,51.58,34,20,5.75,few clouds
106,Kikwit,CD,-5.041,18.8162,71.35,92,94,1.5,light rain
107,Padang,ID,-0.9492,100.3543,76.17,80,97,3.71,overcast clouds
108,Geraldton,AU,-28.7667,114.6,66.61,82,3,9.22,clear sky
109,Atuona,PF,-9.8,-139.0333,77.58,78,6,12.86,light rain
110,Harlingen,US,26.1906,-97.6961,69.75,63,100,25.32,overcast clouds
111,Nador,MA,35.174,-2.9287,53.85,82,75,0.0,broken clouds
112,Airai,TL,-8.9266,125.4092,58.71,92,85,2.39,overcast clouds
113,Luderitz,NA,-26.6481,15.1594,73.67,68,5,7.45,clear sky
114,Torbay,CA,47.6666,-52.7314,46.76,82,100,17.27,overcast clouds
115,Havoysund,NO,70.9963,24.6622,29.28,57,97,17.27,light snow
116,Verkhnevilyuysk,RU,63.4453,120.3167,-24.2,100,100,2.01,overcast clouds
117,Tuatapere,NZ,-46.1333,167.6833,50.83,75,100,7.09,overcast clouds
118,Genhe,CN,50.7833,121.5167,-24.81,100,39,1.23,scattered clouds
119,Tonstad,NO,58.6626,6.7169,43.63,99,100,13.11,moderate rain
120,Kailua,US,21.4022,-157.7394,80.58,64,20,10.36,few clouds
121,Bethel,US,41.3712,-73.414,52.16,49,0,8.05,clear sky
122,Arraial Do Cabo,BR,-22.9661,-42.0278,73.26,94,75,0.0,light intensity drizzle
123,Oistins,BB,13.0667,-59.5333,78.89,69,40,16.11,scattered clouds
124,Monte Santo,BR,-10.4378,-39.3328,75.42,67,61,3.09,broken clouds
125,Souillac,MU,-20.5167,57.5167,80.98,83,75,5.75,light intensity shower rain
126,Yellowknife,CA,62.456,-114.3525,-9.58,82,75,6.91,broken clouds
127,Baoshan,CN,46.5586,131.4244,-5.55,94,41,6.11,scattered clouds
128,Xiamen,CN,24.4798,118.0819,59.05,82,40,4.47,scattered clouds
129,Quatre Cocos,MU,-20.2078,57.7625,80.71,86,11,11.27,moderate rain
130,Avera,US,33.194,-82.5271,69.71,43,77,7.72,broken clouds
131,Waingapu,ID,-9.6567,120.2641,77.2,82,94,2.71,overcast clouds
132,Mortka,RU,59.3322,66.0214,-3.5,100,95,3.83,overcast clouds
133,Puerto Del Rosario,ES,28.5004,-13.8627,64.15,72,20,11.5,few clouds
134,Chokurdakh,RU,70.6333,147.9167,-2.09,95,100,13.09,overcast clouds
135,Maningrida,AU,-12.0667,134.2667,81.43,74,64,3.62,broken clouds
136,Carnarvon,AU,-24.8667,113.6333,80.67,69,40,5.75,scattered clouds
137,Moerai,PF,-22.4333,-151.3333,79.75,69,99,5.93,overcast clouds
138,Nikolskoye,RU,59.7035,30.7861,36.72,97,100,12.03,light snow
139,Gaujani,RO,43.7333,25.7,45.28,48,100,10.83,overcast clouds
140,Kahului,US,20.8947,-156.47,82.42,61,40,17.27,scattered clouds
141,Saskylakh,RU,71.9167,114.0833,-3.55,77,58,9.89,broken clouds
142,Ulaanbaatar,MN,47.9077,106.8832,-29.07,68,59,2.24,broken clouds
143,Port Elizabeth,ZA,-33.918,25.5701,70.09,94,100,19.57,drizzle
144,Dikson,RU,73.5069,80.5464,-4.58,81,100,27.16,overcast clouds
145,Capaci,IT,38.1711,13.2393,52.11,76,0,3.44,clear sky
146,Odweyne,SO,9.4092,45.064,62.51,66,100,10.27,overcast clouds
147,Bay Roberts,CA,47.5999,-53.2648,47.52,84,85,8.01,overcast clouds
148,Broome,US,42.2506,-75.833,36.18,69,100,11.5,overcast clouds
149,Comodoro Rivadavia,AR,-45.8667,-67.5,85.86,23,0,10.36,clear sky
150,Faya,SA,18.3851,42.4509,57.72,64,3,6.51,clear sky
151,Sinop,TR,41.7711,34.8709,33.87,90,100,4.07,overcast clouds
152,Bagotville,AU,-28.9833,153.4167,71.62,85,100,10.76,overcast clouds
153,Coihaique,CL,-45.5752,-72.0662,84.81,47,33,5.01,scattered clouds
154,Pacific Grove,US,36.6177,-121.9166,85.59,29,0,4.61,clear sky
155,Sao Filipe,CV,14.8961,-24.4956,77.43,46,63,20.8,broken clouds
156,Richards Bay,ZA,-28.783,32.0377,73.22,87,0,9.17,clear sky
157,Tupik,RU,54.4253,119.9327,-20.97,99,99,2.24,overcast clouds
158,Kapit,MY,2.0167,112.9333,72.16,100,100,1.57,overcast clouds
159,Mar Del Plata,AR,-38.0023,-57.5575,64.42,70,40,13.8,scattered clouds
160,Kununurra,AU,-15.7667,128.7333,78.78,94,43,3.44,scattered clouds
161,Vardo,NO,70.3705,31.1107,26.91,64,8,16.28,clear sky
162,Matay,EG,28.419,30.7792,55.69,39,0,4.63,clear sky
163,Owensboro,US,37.7742,-87.1133,28.49,68,100,12.66,overcast clouds
164,Mahebourg,MU,-20.4081,57.7,80.89,83,75,5.75,light intensity shower rain
165,Abrau-Dyurso,RU,44.69,37.59,38.95,77,100,18.59,overcast clouds
166,Susangerd,IR,31.5608,48.1831,50.02,58,10,4.18,clear sky
167,Gotsu,JP,35.0,132.2167,41.65,89,100,4.45,light rain
168,Olinda,BR,-8.0089,-34.8553,83.93,74,40,5.75,scattered clouds
169,Buin,CL,-33.7333,-70.75,88.12,28,22,11.88,few clouds
170,Kibondo,TZ,-3.5864,30.7203,60.53,92,100,1.23,overcast clouds
171,Severo-Kurilsk,RU,50.6789,156.125,20.1,76,43,3.47,scattered clouds
172,Sambava,MG,-14.2667,50.1667,76.41,87,93,7.36,overcast clouds
173,Mecca,SA,21.4267,39.8261,73.42,32,0,7.9,clear sky
174,Charters Towers,AU,-20.1,146.2667,75.54,68,0,12.91,clear sky
175,Tiksi,RU,71.6872,128.8694,-8.25,89,93,14.0,overcast clouds
176,Guymon,US,36.6828,-101.4816,45.52,21,28,13.0,scattered clouds
177,Cruz Alta,BR,-28.6386,-53.6064,71.58,83,75,6.29,light rain
178,Kyzyl-Suu,KG,42.3414,78.0056,22.53,75,99,9.13,overcast clouds
179,Dalbandin,PK,28.8947,64.4101,57.18,21,0,5.06,clear sky
180,Davila,PH,18.4726,120.5763,71.58,75,98,4.36,overcast clouds
181,Meulaboh,ID,4.1363,96.1285,77.2,85,96,3.67,light rain
182,Parabel,RU,58.6978,81.4825,-8.46,100,56,7.34,broken clouds
183,Ryotsu,JP,38.0833,138.4333,39.16,63,100,4.79,overcast clouds
184,Naze,JP,28.3667,129.4833,63.52,89,99,7.83,overcast clouds
185,Kodiak,US,57.79,-152.4072,40.51,60,0,8.05,clear sky
186,Grindavik,IS,63.8424,-22.4338,21.67,79,0,5.75,clear sky
187,Kalmunai,LK,7.4167,81.8167,75.69,90,100,4.88,light rain
188,Barmer,IN,25.75,71.3833,61.72,22,0,4.09,clear sky
189,Terney,RU,45.0503,136.6092,14.09,76,92,15.68,overcast clouds
190,Matadi,CD,-5.8167,13.45,78.39,78,83,3.91,light rain
191,Dawson Creek,CA,55.7666,-120.2362,47.84,43,20,25.32,few clouds
192,Saint-Pierre,RE,-21.3393,55.4781,78.44,83,20,5.75,few clouds
193,Bubaque,GW,11.2833,-15.8333,78.67,68,0,8.43,clear sky
194,Bathsheba,BB,13.2167,-59.5167,79.41,69,40,16.11,scattered clouds
195,Klaksvik,FO,62.2266,-6.589,40.12,85,92,2.33,overcast clouds
196,Praya,CV,14.9215,-23.5087,73.94,64,95,20.71,overcast clouds
197,Vao,NC,-22.6667,167.4833,79.97,80,99,4.25,overcast clouds
198,Sabang,ID,5.8933,95.3214,82.2,73,40,16.71,scattered clouds
199,Xiaoyi,CN,34.6178,109.703,37.58,66,0,4.14,clear sky
200,Vilyuysk,RU,63.7553,121.6247,-27.71,100,100,2.64,overcast clouds
201,Lumphat,KH,13.4878,106.9816,72.75,78,56,5.21,broken clouds
202,Gelemso,ET,8.8167,40.5167,60.08,59,2,5.08,clear sky
203,Mao,ES,39.8885,4.2658,48.76,87,0,8.05,clear sky
204,Mount Gambier,AU,-37.8333,140.7667,71.51,53,83,10.36,broken clouds
205,Polunochnoye,RU,60.8697,60.4153,-5.37,100,100,1.9,overcast clouds
206,Pokrovskoye,RU,47.4157,38.8971,36.81,78,77,17.25,broken clouds
207,Russell,US,32.3502,-85.1999,70.38,36,0,6.91,clear sky
208,Fortuna,US,40.5982,-124.1573,74.43,73,0,10.36,clear sky
209,Auki,SB,-8.7676,160.7034,78.24,86,98,1.36,overcast clouds
210,Thiruvananthapuram,IN,8.4833,76.9167,78.78,89,40,0.0,mist
211,Jibuti,DJ,11.5,42.5,71.02,73,72,9.64,broken clouds
212,Ponta Delgada,PT,37.7333,-25.6667,62.51,77,75,11.5,broken clouds
213,Lensk,RU,60.7253,114.9278,-28.53,100,75,1.5,broken clouds
214,Iqaluit,CA,63.7506,-68.5145,-25.87,75,75,2.3,broken clouds
215,Matara,LK,5.9485,80.5353,74.8,91,100,1.1,overcast clouds
216,Brae,GB,60.3964,-1.353,44.51,89,97,22.21,overcast clouds
217,Cabo Rojo,PR,18.0866,-67.1457,78.73,79,58,1.01,broken clouds
218,Bentiu,SS,9.2333,29.8333,78.31,27,7,4.79,clear sky
219,Kavieng,PG,-2.5744,150.7967,81.23,77,100,3.47,light rain
220,Provideniya,RU,64.3833,-173.3,-7.98,83,11,4.72,few clouds
221,Nanortalik,GL,60.1432,-45.2371,29.98,97,100,11.56,snow
222,Zhangjiakou,CN,40.81,114.8794,18.72,88,100,3.83,light snow
223,Clyde River,CA,70.4692,-68.5914,-16.37,76,100,35.68,snow
224,Impfondo,CG,1.6381,18.0667,76.84,31,14,2.82,few clouds
225,Saint-Philippe,RE,-21.3585,55.7679,78.35,80,33,10.89,scattered clouds
226,Port Talbot,GB,51.5924,-3.7802,50.18,94,100,5.99,overcast clouds
227,Sola,VU,-13.8833,167.55,78.06,85,99,15.7,overcast clouds
228,Pevek,RU,69.7008,170.3133,-22.38,98,100,8.93,overcast clouds
229,San Ignacio,BZ,17.1561,-89.0714,89.74,55,40,0.0,scattered clouds
230,Teguldet,RU,57.3064,88.1667,-0.81,88,6,9.93,clear sky
231,Chicama,PE,-7.8447,-79.1469,70.34,64,34,9.64,scattered clouds
232,Ahuimanu,US,21.4447,-157.8378,80.46,57,20,11.5,few clouds
233,Flinders,AU,-34.5833,150.8552,70.18,86,74,5.01,broken clouds
234,Ilulissat,GL,69.2167,-51.1,15.82,86,100,23.02,snow
235,Thompson,CA,55.7435,-97.8558,-3.84,50,0,9.22,clear sky
236,Jawhar,SO,2.7809,45.5005,73.56,75,93,15.19,overcast clouds
237,North Bend,US,43.4065,-124.2243,70.92,73,0,8.05,clear sky
238,Yushala,RU,57.0761,64.2601,-2.0,100,100,2.84,overcast clouds
239,Vila Franca Do Campo,PT,37.7167,-25.4333,62.2,86,100,10.51,overcast clouds
240,Vestmanna,FO,62.1564,-7.1664,38.32,93,75,3.44,broken clouds
241,Riyadh,SA,24.6877,46.7219,51.94,37,0,9.93,clear sky
242,Kulu,TR,39.0951,33.0799,29.26,83,100,3.58,overcast clouds
243,Ligatne,LV,57.2343,25.0406,33.26,81,98,7.0,overcast clouds
244,Agadir,MA,30.4202,-9.5982,55.85,66,11,4.27,few clouds
245,Twentynine Palms,US,34.1356,-116.0542,80.46,7,18,4.0,few clouds
246,Beian,NO,63.6559,9.5683,38.01,81,75,17.27,light rain
247,Leningradskiy,RU,69.3833,178.4167,-18.33,96,96,4.07,overcast clouds
248,Baculin,PH,7.4525,126.5842,76.01,85,94,4.38,overcast clouds
249,Hopelchen,MX,19.7667,-89.85,83.48,79,86,3.78,overcast clouds
250,Lata,PT,40.1629,-8.3327,50.72,97,45,1.19,scattered clouds
251,Hermiston,US,45.8404,-119.2895,54.14,43,0,6.91,clear sky
252,Fertod,HU,47.6195,16.8868,37.11,69,0,8.52,clear sky
253,Yangambi,CD,0.8102,24.4336,76.77,60,100,2.64,overcast clouds
254,Cabo San Lucas,MX,22.8909,-109.9124,85.3,35,20,10.36,few clouds
255,Aden,YE,12.7794,45.0367,76.28,66,67,6.69,broken clouds
256,Thinadhoo,MV,0.5333,72.9333,81.05,71,100,8.79,overcast clouds
257,Tomatlan,MX,19.9333,-105.25,87.24,36,27,10.74,scattered clouds
258,Acopiara,BR,-6.0953,-39.4525,78.21,61,75,5.91,broken clouds
259,Hovd,MN,48.0056,91.6419,-17.97,84,66,2.73,broken clouds
260,Berlevag,NO,70.8578,29.0864,24.51,78,65,21.85,broken clouds
261,Evanston,US,42.0411,-87.6901,19.42,60,75,10.36,broken clouds
262,Riberalta,BO,-10.9833,-66.1,80.8,83,75,6.91,broken clouds
263,Lompoc,US,34.6391,-120.4579,86.77,22,0,13.8,clear sky
264,San Cristobal,VE,7.7669,-72.225,75.38,44,92,4.65,overcast clouds
265,Ngunguru,NZ,-35.6167,174.5,69.01,74,97,22.57,overcast clouds
266,Banepa,NP,27.6298,85.5214,43.12,93,40,0.0,mist
267,Sivaki,RU,52.6333,126.75,-8.64,90,99,7.67,overcast clouds
268,Khorramshahr,IR,30.4397,48.1664,51.76,82,28,0.0,scattered clouds
269,Hualmay,PE,-11.0964,-77.6139,73.9,72,45,9.46,scattered clouds
270,Talnakh,RU,69.4865,88.3972,-8.82,78,17,9.17,few clouds
271,Budureasa,RO,46.6667,22.5,27.01,69,2,6.4,clear sky
272,Trincomalee,LK,8.5711,81.2335,78.69,83,90,13.67,moderate rain
273,Roma,US,43.2128,-75.4557,30.72,74,100,14.0,overcast clouds
274,Bonthe,SL,7.5264,-12.505,77.67,86,8,9.78,clear sky
275,Dire,ML,12.2833,-10.9667,77.14,13,6,2.57,clear sky
276,Grandview,US,38.8858,-94.533,31.91,31,0,9.22,clear sky
277,Cabedelo,BR,-6.9811,-34.8339,83.07,76,41,8.46,scattered clouds
278,Saint George,US,37.1041,-113.5841,70.27,10,0,5.75,clear sky
279,Amapa,BR,1.0,-52.0,73.87,95,50,2.44,scattered clouds
280,Kawalu,ID,-7.3817,108.2082,72.59,92,100,1.61,overcast clouds
281,Egvekinot,RU,66.3167,-179.1667,-18.83,88,18,7.4,few clouds
282,Hervey Bay,AU,-25.2986,152.8535,77.04,58,34,20.15,scattered clouds
283,Deputatskiy,RU,69.3,139.9,-9.27,95,100,5.88,overcast clouds
284,Aginskoye,RU,51.1,114.53,-13.0,99,98,3.74,overcast clouds
285,Buala,SB,-8.145,159.5921,80.96,78,97,2.3,overcast clouds
286,Hofn,IS,64.2539,-15.2082,23.67,68,98,19.35,overcast clouds
287,Rincon,US,32.296,-81.2354,66.65,42,75,3.44,broken clouds
288,Korla,CN,41.7597,86.1469,27.9,50,100,5.1,overcast clouds
289,Sakakah,SA,29.9697,40.2064,45.97,39,0,4.18,clear sky
290,Praia Da Vitoria,PT,38.7333,-27.0667,62.85,77,20,10.71,few clouds
291,Aykhal,RU,66.0,111.5,-8.27,88,93,4.16,overcast clouds
292,Warrensburg,US,38.7628,-93.7361,31.55,28,0,10.36,clear sky
293,Loikaw,MM,19.6742,97.2094,52.93,45,54,4.34,broken clouds
294,Soyo,AO,-6.1349,12.3689,78.3,89,54,5.82,broken clouds
295,Mantua,IT,45.1667,10.7833,40.75,67,5,2.48,clear sky
296,Baiao,BR,-2.7906,-49.6717,77.27,86,97,1.39,light rain
297,Kigonsera,TZ,-10.8,35.05,61.14,96,99,0.36,light rain
298,High Rock,BS,26.6208,-78.2833,75.22,74,2,3.96,clear sky
299,Tilichiki,RU,60.4667,166.1,-20.2,92,12,8.81,few clouds
300,Tromso,NO,69.6496,18.957,17.38,86,0,6.91,clear sky
301,Oskemen,KZ,49.9565,82.6119,19.36,85,100,11.18,overcast clouds
302,Kenai,US,60.5544,-151.2583,32.02,91,100,3.44,mist
303,Prince Rupert,CA,54.3161,-130.3201,44.69,76,0,10.36,clear sky
304,Port Hedland,AU,-20.3167,118.5667,82.45,94,40,6.91,light rain
305,Marienburg,PL,54.0359,19.0266,31.87,67,67,13.44,broken clouds
306,Bahia Blanca,AR,-38.7196,-62.2724,78.01,20,54,1.45,broken clouds
307,Alugan,PH,12.2188,125.4808,77.54,86,96,14.14,overcast clouds
308,Baherden,TM,38.4362,57.4316,42.58,80,6,3.91,clear sky
309,Mayumba,GA,-3.432,10.6554,78.22,91,100,3.33,light rain
310,Atar,MR,20.5169,-13.0499,69.33,23,24,7.43,few clouds
311,Japura,ID,-0.3167,102.35,72.27,97,97,1.72,overcast clouds
312,Gorontalo,ID,0.5412,123.0595,73.26,95,99,3.02,overcast clouds
313,Esso,RU,55.9333,158.7,-7.13,100,91,3.71,overcast clouds
314,Havre-Saint-Pierre,CA,50.2334,-63.5986,34.39,100,100,3.44,overcast clouds
315,Poplar Bluff,US,36.757,-90.3929,37.29,41,0,5.99,clear sky
316,Port Keats,AU,-14.25,129.55,78.1,85,22,4.74,few clouds
317,Wellington,NZ,-41.2866,174.7756,60.76,98,100,46.04,heavy intensity rain
318,Baghdad,IQ,33.3406,44.4009,48.11,46,0,9.22,clear sky
319,Santa Maria,BR,-29.6842,-53.8069,76.3,88,0,2.3,clear sky
320,Sarahan,IN,31.5167,77.8,28.83,40,0,11.5,clear sky
321,Timra,SE,62.487,17.3257,31.68,93,100,4.61,overcast clouds
322,Liverpool,GB,53.4106,-2.9779,49.82,91,75,10.36,broken clouds
323,Bengkulu,ID,-3.8004,102.2655,75.24,84,95,3.78,overcast clouds
324,Udachnyy,RU,66.4167,112.4,-18.62,100,85,2.86,overcast clouds
325,Parfenyevo,RU,58.484,43.4088,14.45,96,99,6.71,light snow
326,Namibe,AO,-15.1961,12.1522,75.18,82,90,6.46,overcast clouds
327,Bud,US,39.447,-86.1758,25.3,77,100,11.41,light snow
328,Victoria,HK,22.2855,114.1577,64.94,90,98,4.0,overcast clouds
329,Carangola,BR,-20.7331,-42.0294,68.59,98,97,2.57,overcast clouds
330,Fallon,US,39.4735,-118.7774,63.43,27,0,4.61,clear sky
331,Taoudenni,ML,22.6783,-3.9836,63.27,21,0,10.45,clear sky
332,Baykit,RU,61.67,96.37,-16.06,100,37,2.62,scattered clouds
333,Concepcion Del Uruguay,AR,-32.4825,-58.2372,70.99,71,98,4.0,overcast clouds
334,Nome,US,64.5011,-165.4064,3.27,43,40,8.05,scattered clouds
335,Otsuki,JP,35.6,138.9333,32.99,68,70,1.99,broken clouds
336,Praia,CV,14.9215,-23.5087,73.94,64,96,20.71,overcast clouds
337,Salalah,OM,17.0151,54.0924,75.29,64,75,4.61,broken clouds
338,Nizwa,OM,22.9333,57.5333,64.76,38,0,1.23,clear sky
339,Caravelas,BR,-17.7125,-39.2481,76.91,84,100,5.21,overcast clouds
340,Natal,BR,-5.795,-35.2094,83.05,83,40,10.36,scattered clouds
341,Adelanto,US,34.5828,-117.4092,81.88,7,1,10.89,clear sky
342,Greifswald,DE,54.1,13.3833,35.11,82,72,15.17,broken clouds
343,Cairns,AU,-16.9167,145.7667,84.11,74,57,8.05,broken clouds
344,Fort Nelson,CA,58.8053,-122.7002,13.59,79,75,4.61,broken clouds
345,Taksimo,RU,56.3444,114.8794,-27.65,96,82,1.05,broken clouds
346,Plouzane,FR,48.3833,-4.6167,48.29,84,75,17.27,broken clouds
347,Inhambane,MZ,-23.865,35.3833,74.43,76,4,8.5,clear sky
348,Itarema,BR,-2.9248,-39.9167,79.75,78,97,9.98,overcast clouds
349,Tiznit,MA,29.5833,-9.5,56.82,53,4,3.44,clear sky
350,Puerto Escondido,MX,15.85,-97.0667,86.83,62,0,9.22,clear sky
351,Namatanai,PG,-3.6667,152.4333,81.95,74,100,2.21,overcast clouds
352,Rundu,NA,-17.9333,19.7667,64.89,91,97,5.03,overcast clouds
353,San Blas,MX,21.5167,-105.2667,93.09,43,13,7.27,few clouds
354,Mustasaari,FI,63.1142,21.6822,24.75,93,75,3.44,broken clouds
355,Carauari,BR,-4.8828,-66.8958,78.22,89,94,2.19,overcast clouds
356,Youghal,IE,51.95,-7.8506,48.99,100,100,10.58,overcast clouds
357,Karasjok,NO,69.4719,25.5112,5.11,97,12,3.83,few clouds
358,Okhotsk,RU,59.3833,143.3,-14.62,81,8,8.72,clear sky
359,Homer,US,59.6425,-151.5483,37.78,86,75,4.61,broken clouds
360,Pokhara,NP,28.2333,83.9833,49.93,53,0,4.29,clear sky
361,Kabo,CF,7.6994,18.629,74.95,17,13,5.57,few clouds
362,Sao Joao Da Barra,BR,-21.6403,-41.0511,73.62,88,93,5.21,overcast clouds
363,Hit,IQ,33.6416,42.8251,51.75,39,0,11.63,clear sky
364,Grand Gaube,MU,-20.0064,57.6608,81.0,87,10,3.0,clear sky
365,Parkersburg,US,39.2667,-81.5615,39.52,62,75,10.36,broken clouds
366,Khash,IR,28.2211,61.2158,49.19,41,11,3.13,few clouds
367,Boa Vista,BR,2.8197,-60.6733,89.58,43,20,11.5,few clouds
368,Lorengau,PG,-2.0226,147.2712,81.86,77,97,1.79,overcast clouds
369,Elizabeth City,US,36.2946,-76.2511,67.05,44,0,5.75,clear sky
370,Hay River,CA,60.8156,-115.7999,-4.02,77,100,9.22,overcast clouds
371,Hornepayne,CA,49.2138,-84.7705,-8.82,92,100,2.46,overcast clouds
372,Esperance,AU,-33.8667,121.9,64.24,59,85,8.68,overcast clouds
373,Sulangan,PH,11.1373,123.7228,78.89,83,71,9.84,broken clouds
374,Umm Lajj,SA,25.0213,37.2685,67.08,25,0,16.44,clear sky
375,Ahipara,NZ,-35.1667,173.1667,68.58,72,75,20.07,broken clouds
376,De Aar,ZA,-30.6497,24.0123,76.55,43,39,4.61,scattered clouds
377,Labuhan,ID,-6.8844,112.2051,77.58,83,100,3.47,light rain
378,Lismore,AU,-28.8135,153.2773,71.69,76,91,8.05,overcast clouds
379,Sao Miguel Do Araguaia,BR,-13.275,-50.1628,73.6,92,81,4.99,broken clouds
380,Morondava,MG,-20.2833,44.2833,80.78,83,99,2.57,light rain
381,Wenling,CN,28.3669,121.36,48.9,88,100,6.96,light rain
382,Fengcheng,CN,40.4536,124.0717,22.15,53,100,5.66,overcast clouds
383,Klyuchi,RU,52.2667,79.1667,17.24,94,100,10.22,light snow
384,Umtata,ZA,-31.5889,28.7844,70.74,86,2,4.97,clear sky
385,Kuala Terengganu,MY,5.3302,103.1408,75.15,100,20,3.44,few clouds
386,Mitsamiouli,KM,-11.3847,43.2844,78.46,84,99,7.96,moderate rain
387,Zhigansk,RU,66.7697,123.3711,-33.09,100,76,4.54,broken clouds
388,Hirara,JP,24.8,125.2833,66.06,100,75,8.05,mist
389,Tame,CO,6.461,-71.73,82.13,46,100,4.21,overcast clouds
390,Balykshi,KZ,47.0667,51.8667,33.8,100,100,4.47,mist
391,Baruun-Urt,MN,46.6806,113.2792,-15.39,100,89,4.56,overcast clouds
392,Samana,DO,19.2056,-69.3369,76.96,75,4,8.68,clear sky
393,Atambua,ID,-9.1061,124.8925,74.77,87,96,3.69,overcast clouds
394,Floro,NO,61.5996,5.0328,41.97,100,75,18.41,moderate rain
395,Diego De Almagro,CL,-26.3667,-70.05,72.45,29,0,9.04,clear sky
396,Borovoy,RU,55.4333,86.0833,-2.92,71,30,0.0,scattered clouds
397,Krasnoselkup,RU,65.7,82.4667,-8.23,90,5,12.06,clear sky
398,Lagoa,PT,39.05,-27.9833,60.55,89,100,22.35,overcast clouds
399,Buchanan,LR,5.8808,-10.0467,80.56,86,14,6.6,few clouds
400,Hasaki,JP,35.7333,140.8333,28.8,61,38,3.91,scattered clouds
401,Conceicao Do Araguaia,BR,-8.2578,-49.2647,73.99,95,89,4.12,heavy intensity rain
402,Alakurtti,RU,66.9672,30.3491,-5.28,98,8,3.58,clear sky
403,Klerksdorp,ZA,-26.8521,26.6667,67.3,31,62,6.2,broken clouds
404,Baoding,CN,38.8511,115.4903,27.21,96,100,6.26,light snow
405,Srednekolymsk,RU,67.45,153.6833,-30.73,98,88,7.16,overcast clouds
406,Oriximina,BR,-1.7656,-55.8661,74.98,94,81,2.84,broken clouds
407,Sainte-Maxime,FR,43.3,6.6333,52.0,54,98,13.35,overcast clouds
408,Guerrero Negro,MX,27.9769,-114.0611,76.59,26,100,5.48,overcast clouds
409,Ust-Ishim,RU,57.6935,71.1665,1.6,95,100,5.55,overcast clouds
410,Mareeba,AU,-17.0,145.4333,79.48,79,58,5.5,broken clouds
411,Eyl,SO,7.9803,49.8164,74.71,66,100,12.21,overcast clouds
412,Acapulco,MX,16.8634,-99.8901,85.82,51,75,9.22,broken clouds
413,Ambon,ID,-3.6954,128.1814,77.14,94,40,6.91,scattered clouds
414,Xingyi,CN,24.1877,102.817,41.11,91,12,2.8,few clouds
415,Bose,IT,45.4612,8.0137,40.66,68,100,3.71,overcast clouds
416,Lazurne,UA,46.084,32.5295,35.89,78,30,9.8,scattered clouds
417,Tomakivka,UA,47.8157,34.7414,32.68,82,82,9.82,broken clouds
418,Khudumelapye,BW,-23.8833,24.75,70.16,36,0,7.74,clear sky
419,Kilifi,KE,-3.6305,39.8499,77.07,81,100,4.47,overcast clouds
420,Lovington,US,32.944,-103.3485,45.18,35,23,4.18,few clouds
421,Portland,US,45.5234,-122.6762,66.61,30,0,18.99,clear sky
422,Mayya,RU,61.7333,130.2811,-31.68,99,100,3.27,overcast clouds
423,Sioux Lookout,CA,50.1001,-91.917,-7.22,54,75,4.61,broken clouds
424,Pundaguitan,PH,6.3711,126.1689,80.28,77,83,16.98,broken clouds
425,Svetlogorsk,BY,52.6333,29.7333,27.18,82,41,9.01,scattered clouds
426,Porto Novo,BJ,6.4965,2.6036,82.22,83,48,7.27,scattered clouds
427,Seydi,TM,39.4816,62.9137,36.82,54,0,5.12,clear sky
428,Bonavista,CA,48.6499,-53.1147,44.11,82,99,25.55,overcast clouds
429,Valega,PT,40.8363,-8.5806,50.81,90,44,0.83,scattered clouds
430,Shelburne,CA,44.0787,-80.2041,14.18,79,100,6.71,overcast clouds
431,Sorland,NO,67.667,12.6934,32.68,83,100,20.8,light snow
432,Lokosovo,RU,61.1333,74.8167,-9.83,98,26,8.84,scattered clouds
433,Neiafu,TO,-18.65,-173.9833,84.88,74,40,11.5,scattered clouds
434,Camacha,PT,33.0833,-16.3333,59.76,77,40,11.5,scattered clouds
435,Touros,BR,-5.1989,-35.4608,83.3,78,30,9.06,scattered clouds
436,Axim,GH,4.8699,-2.2405,78.66,87,48,5.12,light rain
437,Barreiras,BR,-12.1528,-44.99,70.41,89,72,2.39,broken clouds
438,Langenburg,DE,49.2544,9.8458,33.73,86,20,5.75,few clouds
439,Madison Heights,US,42.4859,-83.1052,22.03,62,100,8.05,overcast clouds
440,La Palma,US,33.8464,-118.0467,91.94,18,40,8.05,scattered clouds
441,Saint-Augustin,CA,51.226,-58.6502,32.97,98,100,14.9,overcast clouds
442,Haines Junction,CA,60.7522,-137.5108,40.95,38,37,10.36,scattered clouds
443,Diffa,NE,13.3154,12.6113,67.57,16,15,9.35,few clouds
444,Kristiinankaupunki,FI,62.2743,21.376,25.29,98,94,6.42,overcast clouds
445,San Quintin,MX,30.4833,-115.95,73.29,33,85,8.81,overcast clouds
446,Placido De Castro,BR,-10.3353,-67.1856,79.86,79,75,1.14,broken clouds
447,Carutapera,BR,-1.195,-46.02,77.18,91,99,5.95,overcast clouds
448,Skibbereen,IE,51.55,-9.2667,48.0,92,100,8.68,overcast clouds
449,Migori,KE,-1.0634,34.4731,63.79,87,100,4.29,overcast clouds
450,Aguimes,ES,27.9054,-15.4461,62.65,72,20,13.8,few clouds
451,Zaoyang,CN,32.1272,112.7542,34.41,91,95,4.41,overcast clouds
452,Killybegs,IE,54.6333,-8.45,45.45,85,100,15.17,overcast clouds
453,Kyshtovka,RU,56.555,76.6271,-2.25,94,21,9.48,few clouds
454,Burnie,AU,-41.0667,145.9167,64.92,72,100,12.5,overcast clouds
455,Los Llanos De Aridane,ES,28.6585,-17.9182,62.35,80,75,13.8,broken clouds
456,Chuy,UY,-33.6971,-53.4616,68.36,95,98,8.48,overcast clouds
457,Bobota,RO,47.3833,22.7667,28.4,69,0,5.7,clear sky
458,Kokopo,PG,-4.352,152.2633,79.05,83,100,4.9,light rain
459,Tongzhou,CN,39.9053,116.5994,24.91,85,100,2.24,light snow
460,Mandiana,GN,10.6333,-8.6833,76.21,14,3,4.56,clear sky
461,Husavik,IS,66.0449,-17.3389,21.11,85,91,8.08,overcast clouds
462,Ilo,PE,-17.6394,-71.3375,71.06,77,69,4.16,broken clouds
463,Cape Canaveral,US,28.4058,-80.6048,80.19,76,0,5.75,clear sky
464,Sorong,ID,-0.8833,131.25,78.24,86,100,8.72,overcast clouds
465,Dryden,CA,49.7833,-92.7503,-7.31,49,100,0.0,overcast clouds
466,La Tuque,CA,47.4334,-72.7824,5.25,72,100,13.8,overcast clouds
467,Mnogovershinnyy,RU,53.9353,139.9242,1.44,98,100,2.68,overcast clouds
468,Teguise,ES,29.0605,-13.564,61.02,77,20,5.75,few clouds
469,Jardim,BR,-21.4803,-56.1381,86.7,38,100,1.41,overcast clouds
470,Mali,GN,12.079,-12.2982,61.83,15,5,1.86,clear sky
471,Varkaus,FI,62.3153,27.873,24.91,97,55,4.54,broken clouds
472,Van,TR,38.4924,43.3831,18.75,93,20,2.3,few clouds
473,Dalvik,IS,65.9702,-18.5286,21.13,91,94,8.25,overcast clouds
474,Pahrump,US,36.2083,-115.9839,73.51,11,0,3.0,clear sky
475,Quang Ngai,VN,15.1167,108.8,72.57,92,100,2.21,overcast clouds
476,Koslan,RU,63.4564,48.8989,12.15,98,99,4.5,overcast clouds
477,Matina,CR,10.0761,-83.2895,80.47,79,66,5.03,broken clouds
478,Santiago Del Estero,AR,-27.7951,-64.2615,74.66,35,26,8.05,scattered clouds
479,Yerbogachen,RU,61.2767,108.0108,-24.63,100,97,1.7,overcast clouds
480,Waipawa,NZ,-41.4122,175.5153,50.63,95,100,28.48,light rain
481,Vila Velha,BR,-20.3297,-40.2925,75.15,93,75,3.44,moderate rain
482,Potosi,BO,-19.5836,-65.7531,43.32,83,98,1.39,overcast clouds
483,Sukhobezvodnoye,RU,57.0491,44.8891,14.02,96,98,7.81,overcast clouds
484,Joshimath,IN,30.5667,79.5667,36.97,35,0,8.97,clear sky
485,Sungairaya,ID,0.7,108.9,75.2,92,97,3.65,overcast clouds
486,Keetmanshoop,NA,-26.5833,18.1333,72.52,78,100,8.05,overcast clouds
487,Guatire,VE,10.4762,-66.5427,81.1,92,62,2.82,broken clouds
488,Kangasala,FI,61.4638,24.076,30.47,95,92,8.1,overcast clouds
489,Tahta,EG,26.7693,31.5021,53.71,33,0,5.19,clear sky
490,Erzin,TR,36.9559,36.2,45.32,70,61,3.15,broken clouds
491,Urengoy,RU,65.9667,78.3667,-9.0,92,6,12.68,clear sky
492,Borogontsy,RU,62.6683,131.1683,-22.38,99,100,1.81,overcast clouds
493,Parintins,BR,-2.6283,-56.7358,75.33,96,100,2.71,light rain
494,San Ramon,US,37.7799,-121.978,80.71,49,0,12.66,clear sky
495,Clarence Town,AU,-32.5833,151.7833,72.86,62,100,3.13,overcast clouds
496,Seymchan,RU,62.8833,152.4333,-41.96,100,84,0.31,broken clouds
497,Nabire,ID,-3.3667,135.4833,76.14,92,99,1.74,overcast clouds
498,Arinos,BR,-15.9169,-46.1056,70.07,97,98,2.42,overcast clouds
499,Pinhao,BR,-25.6956,-51.6597,69.1,60,75,0.98,broken clouds
500,Buraydah,SA,26.326,43.975,46.85,44,0,8.75,clear sky
501,Aksarka,RU,66.5606,67.7975,-16.44,98,100,6.22,overcast clouds
502,Ler,SS,8.3018,30.1418,78.93,30,30,4.76,scattered clouds
503,Fairbanks,US,64.8378,-147.7164,-0.69,74,100,0.0,overcast clouds
504,Darhan,MN,49.4867,105.9228,-20.2,100,99,1.52,overcast clouds
505,Suvorovskaya,RU,44.1942,42.6539,30.49,72,47,10.45,light snow
506,Damietta,EG,31.4165,31.8133,58.89,75,0,9.82,clear sky
507,Port-Gentil,GA,-0.7193,8.7815,80.15,83,89,8.48,light rain
508,Suratgarh,IN,29.3167,73.9,57.99,26,0,6.2,clear sky
509,Preobrazheniye,RU,42.9019,133.9064,13.84,63,1,7.76,clear sky
510,Bandarbeyla,SO,9.4942,50.8122,75.47,70,100,13.42,overcast clouds
511,Filadelfia,US,39.9523,-75.1638,55.65,41,0,14.97,clear sky
512,Lashio,MM,22.9333,97.75,45.68,87,10,1.97,clear sky
513,Havelock,US,34.8791,-76.9013,62.58,71,75,11.5,broken clouds
514,Tual,ID,-5.6667,132.75,83.01,71,18,6.08,few clouds
515,Albert,FR,50.0009,2.651,38.25,83,0,14.97,clear sky
516,Goure,NE,13.9835,10.2704,63.73,12,5,9.55,clear sky
517,Mogocha,RU,53.7333,119.7667,-20.42,99,80,3.22,broken clouds
518,Kalengwa,ZM,-13.4659,25.0027,61.9,97,100,3.94,overcast clouds
519,San Jose,US,37.3394,-121.895,83.59,35,40,4.0,scattered clouds
520,Mackenzie,CA,55.2999,-123.1698,37.62,48,75,17.27,broken clouds
521,Bodden Town,KY,19.2833,-81.25,84.0,69,20,9.22,few clouds
522,Margate,GB,51.3813,1.3862,44.31,69,100,8.01,overcast clouds
523,Sirpur,IN,19.4833,79.6,58.87,27,61,3.47,broken clouds
524,Tanabe,JP,33.7333,135.3667,43.93,62,100,1.99,overcast clouds
525,Aasiaat,GL,68.7098,-52.8699,2.01,84,100,15.08,overcast clouds
526,Alexandria,EG,31.2156,29.9553,53.56,87,40,3.44,scattered clouds
527,Jiutai,CN,44.1525,125.8328,-1.86,86,20,4.92,few clouds
528,Kodinsk,RU,58.6881,99.1844,-21.26,100,21,2.13,few clouds
529,Sangmelima,CM,2.9333,11.9833,67.32,91,37,3.15,scattered clouds
530,Pekalongan,ID,-6.8886,109.6753,79.02,88,100,1.05,overcast clouds
531,Ilheus,BR,-14.7889,-39.0494,82.22,83,20,6.91,few clouds
532,Maniwaki,CA,46.3834,-75.966,5.54,66,90,10.36,overcast clouds
533,Fare,PF,-16.7,-151.0167,81.36,72,98,13.04,overcast clouds
534,Izumo,JP,35.3667,132.7667,37.29,81,75,9.22,broken clouds
535,Tigil,RU,57.8,158.6667,-10.34,98,24,1.52,few clouds
536,Mae Chan,TH,20.1467,99.8526,57.24,50,73,3.09,broken clouds
537,Monrovia,LR,6.3005,-10.7969,80.37,87,10,8.12,clear sky
538,Pinas,EC,-3.6667,-79.65,74.32,96,99,2.17,moderate rain
539,Syedove,UA,47.0768,38.156,35.01,72,100,19.28,overcast clouds
540,Sarankhola,BD,22.3082,89.7897,56.61,60,9,4.97,clear sky
541,Grajau,BR,-5.8194,-46.1386,73.11,94,47,2.42,scattered clouds
542,Shieli,KZ,44.1667,66.75,30.81,82,98,7.0,overcast clouds
543,Noshiro,JP,40.2039,140.0242,29.34,63,100,11.81,overcast clouds
544,Betanzos,ES,43.2804,-8.2147,51.1,85,20,5.75,few clouds
545,Jiuquan,CN,39.7432,98.5174,21.94,65,100,3.49,overcast clouds
546,Macomer,IT,40.262,8.7699,38.23,95,15,3.76,few clouds
547,Ileza,RU,61.0533,43.9002,7.66,99,100,4.72,overcast clouds
548,General Roca,AR,-39.0333,-67.5833,84.6,12,53,10.13,broken clouds
549,Tres Arroyos,AR,-38.3739,-60.2798,59.77,48,2,8.05,clear sky
550,Dukat,RU,62.55,155.55,-26.63,96,45,3.51,scattered clouds
551,Bacolod,PH,10.6667,122.95,76.87,83,74,5.75,broken clouds
552,Jaen,ES,38.0,-3.5,49.93,81,82,3.24,broken clouds
553,Umm Kaddadah,SD,13.6017,26.6876,59.0,20,3,11.12,clear sky
554,Nalut,LY,30.3333,10.85,52.03,36,96,11.23,overcast clouds
555,Fort-Shevchenko,KZ,44.5086,50.263,41.36,93,93,10.18,overcast clouds
556,Tazovskiy,RU,67.4667,78.7,-7.35,90,6,14.92,clear sky
557,Tura,IN,25.5198,90.2201,53.53,76,0,4.41,clear sky
558,Ambunti,PG,-4.2365,142.8448,76.41,94,99,1.95,overcast clouds
559,Kamaishi,JP,39.2667,141.8833,34.5,61,79,5.91,broken clouds
560,Porbandar,IN,21.6422,69.6093,66.81,50,3,8.59,clear sky
561,Dillon,US,34.4166,-79.3712,67.01,60,100,6.91,overcast clouds
562,Nuuk,GL,64.1835,-51.7216,16.41,86,100,3.44,light snow
563,Itoman,JP,26.1247,127.6694,70.18,78,75,11.5,broken clouds
564,Paso De Los Toros,UY,-32.8167,-56.5167,66.15,74,100,16.4,overcast clouds
565,Tall Kayf,TR,37.0833,41.0667,44.6,48,1,6.04,clear sky
566,Cam Ranh,VN,11.9214,109.1591,76.96,78,40,4.61,scattered clouds
567,Sibolga,ID,1.7427,98.7792,74.89,85,94,3.13,overcast clouds
568,Kampot,KH,10.6167,104.1833,73.45,84,69,3.4,broken clouds
569,Talara,PE,-4.5772,-81.2719,74.61,74,96,7.87,overcast clouds
570,Paamiut,GL,61.994,-49.6678,17.92,93,100,3.78,overcast clouds
571,Belmonte,BR,-15.8631,-38.8828,81.1,81,29,6.49,scattered clouds
572,Yulara,AU,-25.2406,130.9889,71.44,43,0,6.91,clear sky
573,Half Moon Bay,US,37.4636,-122.4286,82.63,42,40,0.0,scattered clouds
574,Kongolo,CD,-5.3833,27.0,69.31,95,99,1.86,overcast clouds
575,Colesberg,ZA,-30.72,25.0972,75.09,45,36,6.85,scattered clouds
576,Burevestnik,RU,56.144,43.7883,24.55,63,40,4.47,scattered clouds
577,Makakilo City,US,21.3469,-158.0858,79.29,47,20,11.5,few clouds
578,Guhagar,IN,17.4842,73.1929,71.08,56,46,4.56,scattered clouds
579,Ullapool,GB,57.8987,-5.1604,45.36,91,100,23.31,overcast clouds
580,Grado,ES,43.388,-6.0743,50.05,94,20,4.61,few clouds
581,Jurado,CO,7.1053,-77.7641,79.27,82,70,2.04,broken clouds
582,Batemans Bay,AU,-35.7167,150.1833,71.2,61,34,4.12,scattered clouds
583,Nicoya,CR,10.1483,-85.452,89.15,46,63,8.79,broken clouds
584,Hobyo,SO,5.3505,48.5268,76.77,69,96,12.57,overcast clouds
585,Sompeta,IN,18.9333,84.6,65.39,58,54,5.82,broken clouds
586,Fontem,CM,5.4685,9.8818,69.71,49,55,2.24,broken clouds
587,Maumere,ID,-8.6199,122.2111,78.57,80,100,2.57,overcast clouds
588,Tongliao,CN,43.6125,122.2653,-16.69,100,13,2.66,few clouds
589,Bilma,NE,18.6853,12.9164,62.8,17,0,8.1,clear sky
590,Crotone,IT,39.0851,17.1178,48.29,80,100,8.46,overcast clouds
591,Necochea,AR,-38.5473,-58.7368,58.62,61,1,4.47,clear sky
592,Roald,NO,62.5833,6.1333,44.74,76,100,12.66,light rain
593,Norrtalje,SE,59.758,18.705,36.23,88,100,13.69,light rain
594,Tevriz,RU,57.509,72.4042,0.18,95,100,6.55,overcast clouds
595,Senanga,ZM,-16.1167,23.2667,66.45,92,100,3.74,overcast clouds
596,Mufumbwe,ZM,-13.6833,24.8,62.73,97,100,3.65,overcast clouds
597,Pontes E Lacerda,BR,-15.2261,-59.3353,74.39,94,97,2.68,moderate rain
598,Uni,RU,57.7535,51.4923,15.46,98,99,7.27,overcast clouds
599,Kindu,CD,-2.95,25.95,69.64,94,100,3.13,overcast clouds
600,Sisimiut,GL,66.9395,-53.6735,10.44,85,100,22.48,overcast clouds
601,Bako,ET,5.7833,36.5667,72.93,40,43,3.15,scattered clouds
602,Masuguru,TZ,-11.3667,38.4167,71.42,99,99,3.4,light rain
603,San Vicente,AR,-26.6167,-54.1333,73.71,62,67,0.81,broken clouds
604,Ayagoz,KZ,47.9714,80.4392,9.12,96,100,13.0,overcast clouds
605,Gardendale,US,33.6601,-86.8128,64.15,44,20,16.11,few clouds
606,Minsk,BY,53.9,27.5667,26.35,86,79,10.33,broken clouds
607,Komsomolskiy,UZ,40.4272,71.7189,38.62,93,100,4.61,fog
608,Isilkul,RU,54.9109,71.2728,2.12,98,99,3.62,overcast clouds
609,Harper,LR,4.375,-7.7169,78.64,84,7,7.27,clear sky
610,Merauke,ID,-8.4667,140.3333,80.13,76,0,11.56,clear sky
611,Englehart,CA,47.8169,-79.8664,-5.78,59,0,6.91,clear sky
612,Constitucion,CL,-35.3333,-72.4167,65.79,66,1,5.75,clear sky
613,Ilula,TZ,-7.6766,36.0366,60.76,92,100,1.43,overcast clouds
614,College,US,64.8569,-147.8028,-0.71,74,75,0.0,broken clouds
615,Vestmannaeyjar,IS,63.4427,-20.2734,29.44,77,26,4.07,scattered clouds
616,Portage,US,41.1667,-81.1998,27.09,59,100,5.75,overcast clouds
617,Hami,CN,42.8,93.45,26.33,55,75,5.44,broken clouds
618,Urucui,BR,-7.2294,-44.5561,75.25,90,44,3.04,heavy intensity rain
619,Biak,ID,-0.9131,122.8766,74.34,90,100,3.98,overcast clouds
620,Kondopoga,RU,62.2057,34.2614,26.28,91,99,7.65,overcast clouds
621,Bobon,PH,12.5246,124.5636,75.16,93,75,8.88,broken clouds
622,Phuket,TH,8.0,98.25,75.42,100,20,2.3,few clouds
623,Nayoro,JP,44.3506,142.4578,21.25,95,100,2.73,light snow
624,Leiyang,CN,26.4024,112.8591,40.95,95,100,5.03,light rain
625,Sharjah,AE,25.3573,55.4033,73.26,66,0,4.61,clear sky
626,Katsuura,JP,35.1333,140.3,43.2,59,62,1.88,broken clouds
627,Araouane,ML,18.9048,-3.5265,62.91,17,1,10.65,clear sky
628,Port Blair,IN,11.6667,92.75,74.68,74,11,11.61,few clouds
629,Zvishavane,ZW,-20.3267,30.0665,65.19,56,5,2.44,clear sky
630,Coos Bay,US,43.3665,-124.2179,70.0,73,0,8.05,clear sky
631,Vanavara,RU,60.34,102.2797,-17.55,100,94,3.24,overcast clouds
632,Nieuw Amsterdam,SR,5.8833,-55.0833,80.62,81,40,9.22,scattered clouds
633,Milas,TR,37.3164,27.7839,45.75,93,75,4.61,broken clouds
634,Safaga,EG,26.7292,33.9365,57.15,39,0,9.71,clear sky
635,Kompaniyivka,UA,48.2511,32.208,29.52,91,14,6.91,few clouds
636,Healdsburg,US,38.6105,-122.8692,82.31,44,0,3.44,clear sky
637,Istisu,AZ,40.9457,48.0738,23.67,48,10,4.61,clear sky
638,San Jeronimo,PE,-11.9472,-75.2829,50.18,89,91,6.35,overcast clouds
639,Manavgat,TR,36.7867,31.4431,45.01,62,50,4.21,scattered clouds
640,Kokoda,PG,-8.8785,147.7407,78.21,85,98,1.28,overcast clouds
641,Karla,EE,59.3723,24.9275,36.57,79,100,16.11,overcast clouds
642,Saint-Leu,RE,-21.15,55.2833,77.83,76,4,2.89,clear sky
643,Muros,ES,42.7762,-9.0603,50.5,94,15,9.06,few clouds
644,Waiouru,NZ,-39.4833,175.6667,55.49,99,95,8.32,overcast clouds
645,Kuliyapitiya,LK,7.4688,80.0401,73.08,97,93,3.78,overcast clouds
646,Dunn,US,44.95,-91.8835,5.72,56,100,0.0,overcast clouds
647,Santa Catarina,BR,-27.0,-50.0,68.7,71,15,2.48,few clouds
648,Sakaraha,MG,-22.9,44.5333,78.21,44,36,8.01,scattered clouds
649,Ishinomaki,JP,38.4167,141.3,28.4,67,98,10.4,overcast clouds
650,Niquero,CU,20.0431,-77.5828,78.31,74,19,2.15,few clouds
651,Glens Falls,US,43.3095,-73.644,39.27,48,0,10.36,clear sky
652,Gambela,ET,8.25,34.5833,81.97,44,53,2.48,broken clouds
653,Koungou,YT,-12.7336,45.2042,80.31,83,0,8.05,clear sky
654,Bonfim,BR,3.0833,-59.95,87.57,48,91,9.73,overcast clouds
655,Hammerfest,NO,70.6634,23.6821,28.85,80,75,14.97,broken clouds
656,Potiskum,NG,11.7091,11.0694,66.74,18,22,10.16,few clouds
657,Council Bluffs,US,41.2619,-95.8608,34.84,40,40,6.91,scattered clouds
658,Lake Charles,US,30.2131,-93.2044,60.82,62,75,26.46,broken clouds
659,Porteirinha,BR,-15.7433,-43.0283,73.04,83,98,1.79,overcast clouds
660,Mehamn,NO,71.0357,27.8492,27.28,73,91,21.16,light snow
661,Wanaka,NZ,-44.7,169.15,53.11,58,96,3.0,overcast clouds
662,Raudeberg,NO,61.9875,5.1352,43.2,93,100,8.01,overcast clouds
663,Mbuji-Mayi,CD,-6.15,23.6,70.2,91,98,1.5,overcast clouds
664,Remanso,BR,-9.6179,-42.0831,78.4,68,56,4.83,broken clouds
665,Rassvet,RU,46.8333,40.75,34.93,98,100,15.66,overcast clouds
666,Ampanihy,MG,-24.7,44.75,73.33,80,0,11.81,clear sky
667,Baymak,RU,52.5933,58.3225,2.23,100,58,4.68,broken clouds
668,Flin Flon,CA,54.7682,-101.865,-2.36,55,0,5.75,clear sky
669,Bamora,IN,24.0552,78.0909,54.34,41,0,4.09,clear sky
670,Williamsburg,US,37.2707,-76.7075,71.65,38,0,5.75,clear sky
671,Frolovo,RU,49.7713,43.6622,24.39,97,97,11.03,overcast clouds
672,Eureka,US,40.8021,-124.1637,68.2,69,0,5.99,clear sky
673,Kupang,ID,-10.1667,123.5833,78.73,88,92,4.16,overcast clouds
674,Churapcha,RU,62.0025,132.4325,-22.0,100,100,2.37,overcast clouds
675,Ketchikan,US,55.3422,-131.6461,41.47,87,100,6.91,overcast clouds
676,Kutum,SD,14.2,24.6667,58.53,18,21,6.8,few clouds
677,Saint-Felicien,CA,48.6501,-72.4491,2.08,66,75,19.57,broken clouds
678,Berezna,UA,51.5716,31.7846,25.48,89,8,8.52,clear sky
679,Miramar,US,25.9873,-80.2323,80.01,75,0,12.66,clear sky
680,Galyugayevskaya,RU,43.6969,44.9344,34.74,65,7,5.97,clear sky
681,Aleksandrovsk-Sakhalinskiy,RU,50.8975,142.1561,14.97,95,100,5.64,overcast clouds
682,Nova Olinda Do Norte,BR,-3.8881,-59.0942,75.74,97,82,1.7,broken clouds
683,Vanimo,PG,-2.6741,141.3028,78.84,86,98,3.51,overcast clouds
684,Secunda,ZA,-26.55,29.1667,61.32,78,43,3.0,scattered clouds
685,Yanam,IN,16.7333,82.2167,70.21,90,76,3.83,broken clouds
686,Balkhash,KZ,46.844,74.9804,12.33,96,100,5.32,overcast clouds
687,Yarada,IN,17.65,83.2667,72.91,72,87,7.43,overcast clouds
688,Amga,RU,60.8953,131.9608,-28.48,100,100,2.06,overcast clouds
689,Igrim,RU,63.1906,64.4162,-2.94,100,97,4.83,overcast clouds
690,Batagay,RU,67.6333,134.6333,-26.64,95,82,3.27,broken clouds
691,Asau,RO,46.4333,26.4,29.75,92,63,2.86,broken clouds
692,Anahuac,MX,27.2333,-100.15,64.24,31,70,23.67,broken clouds
693,Kristiansund,NO,63.1115,7.732,41.65,65,75,6.91,broken clouds
694,Narasannapeta,IN,18.4167,84.05,65.57,72,55,5.19,broken clouds
695,Kang,BW,-23.6752,22.7876,71.11,30,5,6.93,clear sky
696,Shevchenkove,UA,49.6959,37.1735,26.38,91,40,8.32,scattered clouds
697,Dingle,PH,10.9995,122.6711,75.25,92,50,7.18,scattered clouds
698,Madingou,CG,-4.1536,13.55,73.56,95,79,2.8,light rain
699,Cockburn Town,TC,21.4612,-71.1419,77.56,77,0,20.15,clear sky
700,Qaqortoq,GL,60.7167,-46.0333,30.7,96,100,10.83,light snow
701,Male,MV,4.1748,73.5089,82.35,83,75,6.91,broken clouds
702,Laguna,US,38.421,-121.4238,79.3,39,0,1.99,clear sky
703,Taltal,CL,-25.4,-70.4833,69.39,76,22,7.14,few clouds
704,Dwarka,IN,22.2394,68.9678,68.83,56,2,8.79,clear sky
705,Erenhot,CN,43.6475,111.9767,-2.06,90,100,11.16,overcast clouds
706,Iquitos,PE,-3.7481,-73.2472,78.84,94,75,1.14,broken clouds
707,Pechora,RU,65.1472,57.2244,6.57,93,100,11.81,overcast clouds
708,Stavern,NO,59.0,10.0333,40.73,94,100,31.05,light rain
